,index,values
0,1971-04-02,7.33
1,1971-04-09,7.31
2,1971-04-16,7.31
3,1971-04-23,7.31
4,1971-04-30,7.29
5,1971-05-07,7.38
6,1971-05-14,7.42
7,1971-05-21,7.44
8,1971-05-28,7.46
9,1971-06-04,7.52
10,1971-06-11,7.52
11,1971-06-18,7.54
12,1971-06-25,7.54
13,1971-07-02,7.54
14,1971-07-09,7.54
15,1971-07-16,7.6
16,1971-07-23,7.65
17,1971-07-30,7.69
18,1971-08-06,7.66
19,1971-08-13,7.73
20,1971-08-20,7.71
21,1971-08-27,7.69
22,1971-09-03,7.71
23,1971-09-10,7.67
24,1971-09-17,7.7
25,1971-09-24,7.67
26,1971-10-01,7.67
27,1971-10-08,7.63
28,1971-10-15,7.63
29,1971-10-22,7.58
30,1971-10-29,7.63
31,1971-11-05,7.59
32,1971-11-12,7.56
33,1971-11-19,7.54
34,1971-11-26,7.51
35,1971-12-03,7.49
36,1971-12-10,7.47
37,1971-12-17,7.48
38,1971-12-24,7.48
39,1971-12-31,7.48
40,1972-01-07,7.46
41,1972-01-14,7.46
42,1972-01-21,7.43
43,1972-01-28,7.4
44,1972-02-04,7.35
45,1972-02-11,7.33
46,1972-02-18,7.31
47,1972-02-25,7.31
48,1972-03-03,7.32
49,1972-03-10,7.32
50,1972-03-17,7.31
51,1972-03-24,7.31
52,1972-03-31,7.23
53,1972-04-07,7.25
54,1972-04-14,7.29
55,1972-04-21,7.29
56,1972-04-28,7.33
57,1972-05-05,7.33
58,1972-05-12,7.38
59,1972-05-19,7.38
60,1972-05-26,7.4
61,1972-06-02,7.36
62,1972-06-09,7.38
63,1972-06-16,7.38
64,1972-06-23,7.36
65,1972-06-30,7.38
66,1972-07-07,7.38
67,1972-07-14,7.4
68,1972-07-21,7.4
69,1972-07-28,7.4
70,1972-08-04,7.35
71,1972-08-11,7.41
72,1972-08-18,7.42
73,1972-08-25,7.42
74,1972-09-01,7.42
75,1972-09-08,7.42
76,1972-09-15,7.42
77,1972-09-22,7.41
78,1972-09-29,7.43
79,1972-10-06,7.41
80,1972-10-13,7.41
81,1972-10-20,7.44
82,1972-10-27,7.42
83,1972-11-03,7.43
84,1972-11-10,7.42
85,1972-11-17,7.42
86,1972-11-24,7.44
87,1972-12-01,7.45
88,1972-12-08,7.43
89,1972-12-15,7.43
90,1972-12-22,7.45
91,1972-12-29,7.45
92,1973-01-05,7.44
93,1973-01-12,7.44
94,1973-01-19,7.44
95,1973-01-26,7.43
96,1973-02-02,7.43
97,1973-02-09,7.43
98,1973-02-16,7.45
99,1973-02-23,7.45
100,1973-03-02,7.45
101,1973-03-09,7.45
102,1973-03-16,7.45
103,1973-03-23,7.45
104,1973-03-30,7.49
105,1973-04-06,7.51
106,1973-04-13,7.54
107,1973-04-20,7.56
108,1973-04-27,7.56
109,1973-05-04,7.58
110,1973-05-11,7.64
111,1973-05-18,7.69
112,1973-05-24,7.7
113,1973-06-01,7.7
114,1973-06-08,7.73
115,1973-06-15,7.73
116,1973-06-22,7.75
117,1973-06-29,7.76
118,1973-07-06,7.89
119,1973-07-13,8.01
120,1973-07-20,8.12
121,1973-07-27,8.18
122,1973-08-03,8.26
123,1973-08-10,8.4
124,1973-08-17,8.55
125,1973-08-24,8.61
126,1973-08-31,8.66
127,1973-09-07,8.77
128,1973-09-14,8.81
129,1973-09-21,8.83
130,1973-09-28,8.85
131,1973-10-05,8.82
132,1973-10-12,8.83
133,1973-10-19,8.75
134,1973-10-26,8.68
135,1973-11-02,8.62
136,1973-11-09,8.59
137,1973-11-16,8.58
138,1973-11-23,8.57
139,1973-11-30,8.55
140,1973-12-07,8.53
141,1973-12-14,8.53
142,1973-12-21,8.53
143,1973-12-28,8.56
144,1974-01-04,8.56
145,1974-01-11,8.53
146,1974-01-18,8.55
147,1974-01-25,8.52
148,1974-02-01,8.48
149,1974-02-08,8.46
150,1974-02-15,8.46
151,1974-02-22,8.42
152,1974-03-01,8.41
153,1974-03-08,8.41
154,1974-03-15,8.4
155,1974-03-22,8.4
156,1974-03-29,8.41
157,1974-04-05,8.44
158,1974-04-12,8.53
159,1974-04-19,8.63
160,1974-04-26,8.73
161,1974-05-03,8.87
162,1974-05-10,8.98
163,1974-05-17,8.97
164,1974-05-24,9.01
165,1974-05-31,9.03
166,1974-06-07,9.06
167,1974-06-14,9.11
168,1974-06-21,9.07
169,1974-06-28,9.1
170,1974-07-05,9.14
171,1974-07-12,9.19
172,1974-07-19,9.37
173,1974-07-26,9.42
174,1974-08-02,9.47
175,1974-08-09,9.5
176,1974-08-16,9.6
177,1974-08-23,9.62
178,1974-08-30,9.74
179,1974-09-06,9.88
180,1974-09-13,9.92
181,1974-09-20,10.0
182,1974-09-27,10.03
183,1974-10-04,10.02
184,1974-10-11,9.96
185,1974-10-18,9.99
186,1974-10-25,9.94
187,1974-11-01,9.87
188,1974-11-08,9.81
189,1974-11-15,9.81
190,1974-11-22,9.73
191,1974-11-29,9.72
192,1974-12-06,9.69
193,1974-12-13,9.63
194,1974-12-20,9.58
195,1974-12-27,9.56
196,1975-01-03,9.6
197,1975-01-10,9.49
198,1975-01-17,9.43
199,1975-01-24,9.35
200,1975-01-31,9.29
201,1975-02-07,9.2
202,1975-02-14,9.13
203,1975-02-21,9.07
204,1975-02-28,9.02
205,1975-03-07,9.0
206,1975-03-14,8.89
207,1975-03-21,8.86
208,1975-03-28,8.86
209,1975-04-04,8.83
210,1975-04-11,8.81
211,1975-04-18,8.8
212,1975-04-25,8.84
213,1975-05-02,8.92
214,1975-05-09,8.88
215,1975-05-16,8.92
216,1975-05-23,8.92
217,1975-05-30,8.89
218,1975-06-06,8.89
219,1975-06-13,8.9
220,1975-06-20,8.88
221,1975-06-27,8.9
222,1975-07-03,8.88
223,1975-07-11,8.9
224,1975-07-18,8.89
225,1975-07-25,8.89
226,1975-08-01,8.89
227,1975-08-08,8.89
228,1975-08-15,8.93
229,1975-08-22,8.98
230,1975-08-29,9.02
231,1975-09-05,9.08
232,1975-09-12,9.16
233,1975-09-19,9.14
234,1975-09-26,9.14
235,1975-10-03,9.2
236,1975-10-10,9.21
237,1975-10-17,9.21
238,1975-10-24,9.26
239,1975-10-31,9.24
240,1975-11-07,9.19
241,1975-11-14,9.16
242,1975-11-21,9.12
243,1975-11-28,9.11
244,1975-12-05,9.11
245,1975-12-12,9.11
246,1975-12-19,9.08
247,1975-12-26,9.09
248,1976-01-02,9.1
249,1976-01-09,9.07
250,1976-01-16,9.01
251,1976-01-23,9.0
252,1976-01-30,8.9
253,1976-02-06,8.86
254,1976-02-13,8.83
255,1976-02-20,8.81
256,1976-02-27,8.75
257,1976-03-05,8.77
258,1976-03-12,8.75
259,1976-03-19,8.75
260,1976-03-26,8.75
261,1976-04-02,8.7
262,1976-04-09,8.7
263,1976-04-16,8.75
264,1976-04-23,8.75
265,1976-04-30,8.75
266,1976-05-07,8.75
267,1976-05-14,8.75
268,1976-05-21,8.78
269,1976-05-28,8.78
270,1976-06-04,8.78
271,1976-06-11,8.83
272,1976-06-18,8.88
273,1976-06-25,8.9
274,1976-07-02,8.93
275,1976-07-09,8.93
276,1976-07-16,8.93
277,1976-07-23,8.9
278,1976-07-30,8.98
279,1976-08-06,9.0
280,1976-08-13,9.0
281,1976-08-20,9.0
282,1976-08-27,9.0
283,1976-09-03,9.0
284,1976-09-10,8.97
285,1976-09-17,8.97
286,1976-09-24,8.97
287,1976-10-01,8.9
288,1976-10-08,8.95
289,1976-10-15,8.95
290,1976-10-22,8.95
291,1976-10-29,8.9
292,1976-11-05,8.85
293,1976-11-12,8.8
294,1976-11-19,8.8
295,1976-11-26,8.8
296,1976-12-03,8.8
297,1976-12-10,8.8
298,1976-12-17,8.8
299,1976-12-24,8.78
300,1976-12-31,8.78
301,1977-01-07,8.7
302,1977-01-14,8.73
303,1977-01-21,8.73
304,1977-01-28,8.73
305,1977-02-04,8.68
306,1977-02-11,8.7
307,1977-02-18,8.65
308,1977-02-25,8.65
309,1977-03-04,8.65
310,1977-03-11,8.7
311,1977-03-18,8.7
312,1977-03-25,8.7
313,1977-04-01,8.7
314,1977-04-08,8.75
315,1977-04-15,8.75
316,1977-04-22,8.78
317,1977-04-29,8.78
318,1977-05-06,8.78
319,1977-05-13,8.83
320,1977-05-20,8.85
321,1977-05-27,8.85
322,1977-06-03,8.85
323,1977-06-10,8.85
324,1977-06-17,8.85
325,1977-06-24,8.88
326,1977-07-01,8.95
327,1977-07-08,8.93
328,1977-07-15,8.95
329,1977-07-22,8.95
330,1977-07-29,8.93
331,1977-08-05,8.95
332,1977-08-12,8.95
333,1977-08-19,8.93
334,1977-08-26,8.93
335,1977-09-02,8.88
336,1977-09-09,8.9
337,1977-09-16,8.9
338,1977-09-23,8.9
339,1977-09-30,8.9
340,1977-10-07,8.93
341,1977-10-14,8.93
342,1977-10-21,8.93
343,1977-10-28,8.9
344,1977-11-04,8.9
345,1977-11-11,8.93
346,1977-11-18,8.93
347,1977-11-25,8.93
348,1977-12-02,8.95
349,1977-12-09,8.95
350,1977-12-16,8.95
351,1977-12-23,8.95
352,1977-12-30,9.0
353,1978-01-06,9.0
354,1978-01-13,9.03
355,1978-01-20,8.98
356,1978-01-27,9.05
357,1978-02-03,9.13
358,1978-02-10,9.15
359,1978-02-17,9.15
360,1978-02-24,9.15
361,1978-03-03,9.15
362,1978-03-10,9.15
363,1978-03-17,9.23
364,1978-03-24,9.23
365,1978-03-31,9.25
366,1978-04-07,9.28
367,1978-04-14,9.33
368,1978-04-21,9.38
369,1978-04-28,9.43
370,1978-05-05,9.48
371,1978-05-12,9.55
372,1978-05-19,9.58
373,1978-05-26,9.68
374,1978-06-02,9.68
375,1978-06-09,9.7
376,1978-06-16,9.73
377,1978-06-23,9.7
378,1978-06-30,9.73
379,1978-07-07,9.73
380,1978-07-14,9.73
381,1978-07-21,9.75
382,1978-07-28,9.75
383,1978-08-04,9.78
384,1978-08-11,9.78
385,1978-08-18,9.78
386,1978-08-25,9.8
387,1978-09-01,9.75
388,1978-09-08,9.75
389,1978-09-15,9.75
390,1978-09-22,9.75
391,1978-09-29,9.78
392,1978-10-06,9.85
393,1978-10-13,9.85
394,1978-10-20,9.85
395,1978-10-27,9.88
396,1978-11-03,9.9
397,1978-11-10,10.05
398,1978-11-17,10.2
399,1978-11-24,10.28
400,1978-12-01,10.3
401,1978-12-08,10.35
402,1978-12-15,10.35
403,1978-12-22,10.35
404,1978-12-29,10.38
405,1979-01-05,10.38
406,1979-01-12,10.38
407,1979-01-19,10.4
408,1979-01-26,10.4
409,1979-02-02,10.4
410,1979-02-09,10.43
411,1979-02-16,10.4
412,1979-02-23,10.4
413,1979-03-02,10.43
414,1979-03-09,10.4
415,1979-03-16,10.4
416,1979-03-23,10.45
417,1979-03-30,10.45
418,1979-04-06,10.48
419,1979-04-13,10.48
420,1979-04-20,10.5
421,1979-04-27,10.53
422,1979-05-04,10.6
423,1979-05-11,10.68
424,1979-05-18,10.73
425,1979-05-25,10.75
426,1979-06-01,10.9
427,1979-06-08,11.03
428,1979-06-15,11.05
429,1979-06-22,11.1
430,1979-06-29,11.1
431,1979-07-06,11.13
432,1979-07-13,11.08
433,1979-07-20,11.08
434,1979-07-27,11.08
435,1979-08-03,11.08
436,1979-08-10,11.08
437,1979-08-17,11.08
438,1979-08-24,11.1
439,1979-08-31,11.13
440,1979-09-07,11.2
441,1979-09-14,11.3
442,1979-09-21,11.35
443,1979-09-28,11.35
444,1979-10-05,11.35
445,1979-10-12,11.45
446,1979-10-19,11.75
447,1979-10-26,12.0
448,1979-11-02,12.8
449,1979-11-09,12.85
450,1979-11-16,12.8
451,1979-11-23,12.8
452,1979-11-30,12.9
453,1979-12-07,12.9
454,1979-12-14,12.9
455,1979-12-21,12.9
456,1979-12-28,12.9
457,1980-01-04,12.85
458,1980-01-11,12.9
459,1980-01-18,12.87
460,1980-01-25,12.89
461,1980-02-01,12.85
462,1980-02-08,12.85
463,1980-02-15,12.88
464,1980-02-22,13.03
465,1980-02-29,13.59
466,1980-03-07,14.0
467,1980-03-14,15.4
468,1980-03-21,15.7
469,1980-03-28,16.03
470,1980-04-04,16.35
471,1980-04-11,16.35
472,1980-04-18,16.35
473,1980-04-25,16.25
474,1980-05-02,15.9
475,1980-05-09,14.68
476,1980-05-16,14.15
477,1980-05-23,13.38
478,1980-05-30,13.2
479,1980-06-06,13.06
480,1980-06-13,12.85
481,1980-06-20,12.58
482,1980-06-27,12.35
483,1980-07-04,12.18
484,1980-07-11,12.23
485,1980-07-18,12.18
486,1980-07-25,12.18
487,1980-08-01,12.25
488,1980-08-08,12.25
489,1980-08-15,12.55
490,1980-08-22,12.8
491,1980-08-29,12.95
492,1980-09-05,13.03
493,1980-09-12,13.08
494,1980-09-19,13.25
495,1980-09-26,13.43
496,1980-10-03,13.6
497,1980-10-10,13.73
498,1980-10-17,13.78
499,1980-10-24,13.85
500,1980-10-31,14.0
501,1980-11-07,14.08
502,1980-11-14,14.18
503,1980-11-21,14.28
504,1980-11-28,14.28
505,1980-12-05,14.43
506,1980-12-12,14.83
507,1980-12-19,14.95
508,1980-12-26,14.95
509,1981-01-02,14.95
510,1981-01-09,14.8
511,1981-01-16,14.85
512,1981-01-23,14.85
513,1981-01-30,15.07
514,1981-02-06,15.0
515,1981-02-13,15.03
516,1981-02-20,15.2
517,1981-02-27,15.3
518,1981-03-06,15.4
519,1981-03-13,15.4
520,1981-03-20,15.4
521,1981-03-27,15.4
522,1981-04-03,15.4
523,1981-04-10,15.5
524,1981-04-17,15.65
525,1981-04-24,15.77
526,1981-05-01,15.82
527,1981-05-08,16.12
528,1981-05-15,16.64
529,1981-05-22,16.63
530,1981-05-29,16.8
531,1981-06-05,16.76
532,1981-06-12,16.69
533,1981-06-19,16.71
534,1981-06-26,16.62
535,1981-07-03,16.64
536,1981-07-10,16.79
537,1981-07-17,16.74
538,1981-07-24,16.88
539,1981-07-31,17.11
540,1981-08-07,17.13
541,1981-08-14,17.27
542,1981-08-21,17.26
543,1981-08-28,17.48
544,1981-09-04,17.79
545,1981-09-11,18.22
546,1981-09-18,18.27
547,1981-09-25,18.36
548,1981-10-02,18.28
549,1981-10-09,18.63
550,1981-10-16,18.53
551,1981-10-21,18.39
552,1981-10-22,
553,1981-10-30,18.44
554,1981-11-06,18.37
555,1981-11-13,18.02
556,1981-11-20,17.7
557,1981-11-27,17.21
558,1981-12-04,16.9
559,1981-12-11,16.94
560,1981-12-18,16.9
561,1981-12-25,16.95
562,1981-12-31,17.04
563,1982-01-08,17.3
564,1982-01-15,17.44
565,1982-01-22,17.61
566,1982-01-29,17.59
567,1982-02-05,17.56
568,1982-02-12,17.65
569,1982-02-19,17.66
570,1982-02-26,17.52
571,1982-03-05,17.29
572,1982-03-12,17.19
573,1982-03-19,17.12
574,1982-03-26,17.04
575,1982-04-02,16.95
576,1982-04-09,16.91
577,1982-04-16,16.93
578,1982-04-23,16.86
579,1982-04-30,16.81
580,1982-05-07,16.78
581,1982-05-14,16.63
582,1982-05-21,16.67
583,1982-05-28,16.63
584,1982-06-04,16.65
585,1982-06-11,16.7
586,1982-06-18,16.71
587,1982-06-25,16.73
588,1982-07-02,16.87
589,1982-07-09,16.93
590,1982-07-16,16.88
591,1982-07-23,16.75
592,1982-07-30,16.65
593,1982-08-06,16.55
594,1982-08-13,16.44
595,1982-08-20,16.21
596,1982-08-27,15.88
597,1982-09-03,15.59
598,1982-09-10,15.56
599,1982-09-17,15.38
600,1982-09-24,15.19
601,1982-10-01,15.13
602,1982-10-08,14.96
603,1982-10-15,14.6
604,1982-10-22,14.2
605,1982-10-29,14.15
606,1982-11-05,13.91
607,1982-11-12,13.84
608,1982-11-19,13.78
609,1982-11-26,13.77
610,1982-12-03,13.66
611,1982-12-10,13.66
612,1982-12-17,13.63
613,1982-12-24,13.6
614,1982-12-31,13.57
615,1983-01-07,13.46
616,1983-01-14,13.31
617,1983-01-21,13.12
618,1983-01-28,13.1
619,1983-02-04,13.06
620,1983-02-11,13.06
621,1983-02-18,13.07
622,1983-02-25,12.98
623,1983-03-04,12.74
624,1983-03-11,12.79
625,1983-03-18,12.81
626,1983-03-25,12.86
627,1983-04-01,12.82
628,1983-04-08,12.82
629,1983-04-15,12.79
630,1983-04-22,12.75
631,1983-04-29,12.73
632,1983-05-06,12.71
633,1983-05-13,12.59
634,1983-05-20,12.55
635,1983-05-27,12.68
636,1983-06-03,12.74
637,1983-06-10,12.82
638,1983-06-17,12.96
639,1983-06-24,12.96
640,1983-07-01,13.08
641,1983-07-08,13.3
642,1983-07-15,13.5
643,1983-07-22,13.58
644,1983-07-29,13.65
645,1983-08-05,13.73
646,1983-08-12,13.84
647,1983-08-19,13.89
648,1983-08-26,13.78
649,1983-09-02,13.77
650,1983-09-09,13.77
651,1983-09-16,13.72
652,1983-09-23,13.72
653,1983-09-30,13.65
654,1983-10-07,13.59
655,1983-10-14,13.6
656,1983-10-21,13.52
657,1983-10-28,13.43
658,1983-11-04,13.42
659,1983-11-11,13.47
660,1983-11-18,13.42
661,1983-11-25,13.43
662,1983-12-02,13.41
663,1983-12-09,13.38
664,1983-12-16,13.42
665,1983-12-23,13.46
666,1983-12-30,13.43
667,1984-01-06,13.43
668,1984-01-13,13.4
669,1984-01-20,13.35
670,1984-01-27,13.29
671,1984-02-03,13.26
672,1984-02-10,13.23
673,1984-02-17,13.19
674,1984-02-24,13.25
675,1984-03-02,13.23
676,1984-03-09,13.3
677,1984-03-16,13.37
678,1984-03-23,13.48
679,1984-03-30,13.55
680,1984-04-06,13.63
681,1984-04-13,13.58
682,1984-04-20,13.67
683,1984-04-27,13.73
684,1984-05-04,13.78
685,1984-05-11,13.87
686,1984-05-18,14.04
687,1984-05-25,14.08
688,1984-06-01,14.29
689,1984-06-08,14.33
690,1984-06-15,14.47
691,1984-06-22,14.49
692,1984-06-29,14.5
693,1984-07-06,14.66
694,1984-07-13,14.68
695,1984-07-20,14.66
696,1984-07-27,14.67
697,1984-08-03,14.68
698,1984-08-10,14.54
699,1984-08-17,14.39
700,1984-08-24,14.36
701,1984-08-31,14.38
702,1984-09-07,14.42
703,1984-09-14,14.43
704,1984-09-21,14.29
705,1984-09-28,14.26
706,1984-10-05,14.18
707,1984-10-12,14.19
708,1984-10-19,14.1
709,1984-10-26,14.05
710,1984-11-02,13.85
711,1984-11-09,13.74
712,1984-11-16,13.63
713,1984-11-23,13.55
714,1984-11-30,13.42
715,1984-12-07,13.2
716,1984-12-14,13.2
717,1984-12-21,13.18
718,1984-12-28,13.14
719,1985-01-04,13.1
720,1985-01-11,13.12
721,1985-01-18,13.12
722,1985-01-25,12.96
723,1985-02-01,12.93
724,1985-02-08,12.91
725,1985-02-15,12.9
726,1985-02-22,12.94
727,1985-03-01,13.02
728,1985-03-08,13.1
729,1985-03-15,13.2
730,1985-03-22,13.24
731,1985-03-29,13.29
732,1985-04-05,13.27
733,1985-04-12,13.23
734,1985-04-19,13.16
735,1985-04-26,13.12
736,1985-05-03,13.07
737,1985-05-10,13.02
738,1985-05-17,12.94
739,1985-05-24,12.83
740,1985-05-31,12.71
741,1985-06-07,12.39
742,1985-06-14,12.27
743,1985-06-21,12.05
744,1985-06-28,12.15
745,1985-07-05,12.13
746,1985-07-12,12.03
747,1985-07-19,11.94
748,1985-07-26,12.03
749,1985-08-02,12.17
750,1985-08-09,12.23
751,1985-08-16,12.24
752,1985-08-23,12.18
753,1985-08-30,12.11
754,1985-09-06,12.15
755,1985-09-13,12.24
756,1985-09-20,12.21
757,1985-09-27,12.17
758,1985-10-04,12.17
759,1985-10-11,12.17
760,1985-10-18,12.13
761,1985-10-25,12.07
762,1985-11-01,12.01
763,1985-11-08,11.9
764,1985-11-15,11.79
765,1985-11-22,11.64
766,1985-11-29,11.58
767,1985-12-06,11.5
768,1985-12-13,11.31
769,1985-12-20,11.14
770,1985-12-27,11.09
771,1986-01-03,10.81
772,1986-01-10,10.77
773,1986-01-17,10.99
774,1986-01-24,10.97
775,1986-01-31,10.89
776,1986-02-07,10.85
777,1986-02-14,10.8
778,1986-02-21,10.68
779,1986-02-28,10.51
780,1986-03-07,10.2
781,1986-03-14,10.01
782,1986-03-21,10.01
783,1986-03-28,10.1
784,1986-04-04,9.99
785,1986-04-11,9.98
786,1986-04-18,9.92
787,1986-04-25,9.86
788,1986-05-02,9.9
789,1986-05-09,10.0
790,1986-05-16,10.08
791,1986-05-23,10.36
792,1986-05-30,10.38
793,1986-06-06,10.74
794,1986-06-13,10.76
795,1986-06-20,10.61
796,1986-06-27,10.62
797,1986-07-04,10.61
798,1986-07-11,10.59
799,1986-07-18,10.43
800,1986-07-25,10.4
801,1986-08-01,10.4
802,1986-08-08,10.4
803,1986-08-15,10.23
804,1986-08-22,10.04
805,1986-08-29,9.93
806,1986-09-05,9.9
807,1986-09-12,9.96
808,1986-09-19,10.07
809,1986-09-26,10.1
810,1986-10-03,10.08
811,1986-10-10,9.99
812,1986-10-17,9.96
813,1986-10-24,9.95
814,1986-10-31,9.89
815,1986-11-07,9.83
816,1986-11-14,9.81
817,1986-11-21,9.64
818,1986-11-28,9.5
819,1986-12-05,9.3
820,1986-12-12,9.35
821,1986-12-19,9.3
822,1986-12-26,9.29
823,1987-01-02,9.37
824,1987-01-09,9.32
825,1987-01-16,9.21
826,1987-01-23,9.04
827,1987-01-30,9.08
828,1987-02-06,9.06
829,1987-02-13,9.09
830,1987-02-20,9.11
831,1987-02-27,9.07
832,1987-03-06,9.03
833,1987-03-13,9.05
834,1987-03-20,9.03
835,1987-03-27,9.03
836,1987-04-03,9.26
837,1987-04-10,9.43
838,1987-04-17,10.27
839,1987-04-24,10.37
840,1987-05-01,10.47
841,1987-05-08,10.52
842,1987-05-15,10.48
843,1987-05-22,10.81
844,1987-05-29,10.7
845,1987-06-05,10.7
846,1987-06-12,10.66
847,1987-06-19,10.44
848,1987-06-26,10.35
849,1987-07-03,10.36
850,1987-07-10,10.3
851,1987-07-17,10.23
852,1987-07-24,10.23
853,1987-07-31,10.27
854,1987-08-07,10.35
855,1987-08-14,10.34
856,1987-08-21,10.3
857,1987-08-28,10.33
858,1987-09-04,10.63
859,1987-09-11,10.91
860,1987-09-18,10.99
861,1987-09-25,11.02
862,1987-10-02,11.18
863,1987-10-09,11.21
864,1987-10-16,11.58
865,1987-10-23,11.36
866,1987-10-30,10.97
867,1987-11-06,10.79
868,1987-11-13,10.66
869,1987-11-20,10.6
870,1987-11-27,10.55
871,1987-12-04,10.6
872,1987-12-11,10.66
873,1987-12-18,10.69
874,1987-12-25,10.64
875,1987-12-31,10.61
876,1988-01-08,10.5
877,1988-01-15,10.53
878,1988-01-22,10.34
879,1988-01-29,10.16
880,1988-02-05,9.94
881,1988-02-12,9.84
882,1988-02-19,9.92
883,1988-02-26,9.87
884,1988-03-04,9.85
885,1988-03-11,9.96
886,1988-03-18,9.92
887,1988-03-25,9.99
888,1988-04-01,10.05
889,1988-04-08,10.19
890,1988-04-15,10.19
891,1988-04-22,10.3
892,1988-04-29,10.28
893,1988-05-06,10.32
894,1988-05-13,10.4
895,1988-05-20,10.52
896,1988-05-27,10.58
897,1988-06-03,10.58
898,1988-06-10,10.51
899,1988-06-17,10.35
900,1988-06-24,10.4
901,1988-07-01,10.39
902,1988-07-08,10.38
903,1988-07-15,10.44
904,1988-07-22,10.46
905,1988-07-29,10.49
906,1988-08-05,10.44
907,1988-08-12,10.57
908,1988-08-19,10.71
909,1988-08-26,10.67
910,1988-09-02,10.65
911,1988-09-09,10.53
912,1988-09-16,10.4
913,1988-09-23,10.4
914,1988-09-30,10.42
915,1988-10-07,10.38
916,1988-10-14,10.33
917,1988-10-21,10.28
918,1988-10-28,10.22
919,1988-11-04,10.12
920,1988-11-11,10.24
921,1988-11-18,10.31
922,1988-11-25,10.39
923,1988-12-02,10.44
924,1988-12-09,10.46
925,1988-12-16,10.71
926,1988-12-23,10.68
927,1988-12-30,10.77
928,1989-01-06,10.8
929,1989-01-13,10.81
930,1989-01-20,10.71
931,1989-01-27,10.6
932,1989-02-03,10.55
933,1989-02-10,10.56
934,1989-02-17,10.69
935,1989-02-24,10.78
936,1989-03-03,10.91
937,1989-03-10,10.86
938,1989-03-17,10.98
939,1989-03-24,11.22
940,1989-03-31,11.19
941,1989-04-07,11.07
942,1989-04-14,11.11
943,1989-04-21,10.99
944,1989-04-28,11.03
945,1989-05-05,10.97
946,1989-05-12,10.93
947,1989-05-19,10.69
948,1989-05-26,10.5
949,1989-06-02,10.48
950,1989-06-09,10.2
951,1989-06-16,10.04
952,1989-06-23,10.19
953,1989-06-30,10.07
954,1989-07-07,10.03
955,1989-07-14,9.82
956,1989-07-21,9.87
957,1989-07-28,9.81
958,1989-08-04,9.68
959,1989-08-11,9.96
960,1989-08-18,10.09
961,1989-08-25,10.21
962,1989-09-01,10.22
963,1989-09-08,10.17
964,1989-09-15,10.05
965,1989-09-22,10.03
966,1989-09-29,10.16
967,1989-10-06,10.1
968,1989-10-13,9.95
969,1989-10-20,9.92
970,1989-10-27,9.82
971,1989-11-03,9.82
972,1989-11-10,9.79
973,1989-11-17,9.72
974,1989-11-24,9.74
975,1989-12-01,9.74
976,1989-12-08,9.76
977,1989-12-15,9.75
978,1989-12-22,9.69
979,1989-12-29,9.78
980,1990-01-05,9.83
981,1990-01-12,9.8
982,1990-01-19,9.9
983,1990-01-26,10.05
984,1990-02-02,10.17
985,1990-02-09,10.21
986,1990-02-16,10.1
987,1990-02-23,10.31
988,1990-03-02,10.23
989,1990-03-09,10.29
990,1990-03-16,10.34
991,1990-03-23,10.26
992,1990-03-30,10.22
993,1990-04-06,10.26
994,1990-04-13,10.25
995,1990-04-20,10.41
996,1990-04-27,10.56
997,1990-05-04,10.67
998,1990-05-11,10.54
999,1990-05-18,10.37
1000,1990-05-25,10.33
1001,1990-06-01,10.29
1002,1990-06-08,10.1
1003,1990-06-15,10.12
1004,1990-06-22,10.16
1005,1990-06-29,10.15
1006,1990-07-06,10.06
1007,1990-07-13,10.11
1008,1990-07-20,9.99
1009,1990-07-27,9.98
1010,1990-08-03,9.84
1011,1990-08-10,10.08
1012,1990-08-17,10.05
1013,1990-08-24,10.29
1014,1990-08-31,10.24
1015,1990-09-07,10.19
1016,1990-09-14,10.13
1017,1990-09-21,10.16
1018,1990-09-28,10.22
1019,1990-10-05,10.08
1020,1990-10-12,10.22
1021,1990-10-19,10.24
1022,1990-10-26,10.17
1023,1990-11-02,10.13
1024,1990-11-09,10.09
1025,1990-11-16,10.02
1026,1990-11-23,9.93
1027,1990-11-30,9.9
1028,1990-12-07,9.81
1029,1990-12-14,9.56
1030,1990-12-21,9.64
1031,1990-12-28,9.68
1032,1991-01-04,9.56
1033,1991-01-11,9.63
1034,1991-01-18,9.75
1035,1991-01-25,9.61
1036,1991-02-01,9.56
1037,1991-02-08,9.36
1038,1991-02-15,9.25
1039,1991-02-22,9.29
1040,1991-03-01,9.4
1041,1991-03-08,9.49
1042,1991-03-15,9.5
1043,1991-03-22,9.59
1044,1991-03-29,9.52
1045,1991-04-05,9.49
1046,1991-04-12,9.48
1047,1991-04-19,9.47
1048,1991-04-26,9.53
1049,1991-05-03,9.47
1050,1991-05-10,9.47
1051,1991-05-17,9.5
1052,1991-05-24,9.47
1053,1991-05-31,9.45
1054,1991-06-07,9.48
1055,1991-06-14,9.66
1056,1991-06-21,9.65
1057,1991-06-28,9.67
1058,1991-07-05,9.62
1059,1991-07-12,9.64
1060,1991-07-19,9.54
1061,1991-07-26,9.5
1062,1991-08-02,9.44
1063,1991-08-09,9.27
1064,1991-08-16,9.19
1065,1991-08-23,9.17
1066,1991-08-30,9.15
1067,1991-09-06,9.14
1068,1991-09-13,9.02
1069,1991-09-20,8.95
1070,1991-09-27,8.92
1071,1991-10-04,8.87
1072,1991-10-11,8.82
1073,1991-10-18,8.82
1074,1991-10-25,8.91
1075,1991-11-01,8.78
1076,1991-11-08,8.76
1077,1991-11-15,8.69
1078,1991-11-22,8.63
1079,1991-11-29,8.7
1080,1991-12-06,8.62
1081,1991-12-13,8.53
1082,1991-12-20,8.49
1083,1991-12-27,8.35
1084,1992-01-03,8.24
1085,1992-01-10,8.23
1086,1992-01-17,8.45
1087,1992-01-24,8.56
1088,1992-01-31,8.68
1089,1992-02-07,8.67
1090,1992-02-14,8.73
1091,1992-02-21,8.82
1092,1992-02-28,8.83
1093,1992-03-06,8.85
1094,1992-03-13,8.88
1095,1992-03-20,9.03
1096,1992-03-27,8.98
1097,1992-04-03,8.96
1098,1992-04-10,8.84
1099,1992-04-17,8.76
1100,1992-04-24,8.85
1101,1992-05-01,8.84
1102,1992-05-08,8.75
1103,1992-05-15,8.64
1104,1992-05-22,8.53
1105,1992-05-29,8.6
1106,1992-06-05,8.59
1107,1992-06-12,8.54
1108,1992-06-19,8.48
1109,1992-06-26,8.43
1110,1992-07-03,8.29
1111,1992-07-10,8.13
1112,1992-07-17,8.09
1113,1992-07-24,8.08
1114,1992-07-31,8.05
1115,1992-08-07,8.06
1116,1992-08-14,7.96
1117,1992-08-21,7.87
1118,1992-08-28,8.01
1119,1992-09-04,7.94
1120,1992-09-11,7.84
1121,1992-09-18,7.89
1122,1992-09-24,8.02
1123,1992-10-02,7.93
1124,1992-10-09,8.01
1125,1992-10-16,8.06
1126,1992-10-23,8.23
1127,1992-10-30,8.21
1128,1992-11-06,8.29
1129,1992-11-13,8.32
1130,1992-11-20,8.32
1131,1992-11-27,8.29
1132,1992-12-04,8.34
1133,1992-12-11,8.23
1134,1992-12-18,8.19
1135,1992-12-25,8.13
1136,1992-12-31,8.14
1137,1993-01-08,8.07
1138,1993-01-15,8.04
1139,1993-01-22,8.0
1140,1993-01-29,7.86
1141,1993-02-05,7.8
1142,1993-02-12,7.75
1143,1993-02-19,7.65
1144,1993-02-26,7.53
1145,1993-03-05,7.44
1146,1993-03-12,7.47
1147,1993-03-19,7.57
1148,1993-03-26,7.5
1149,1993-04-02,7.53
1150,1993-04-09,7.57
1151,1993-04-16,7.45
1152,1993-04-23,7.38
1153,1993-04-30,7.43
1154,1993-05-07,7.42
1155,1993-05-14,7.42
1156,1993-05-21,7.52
1157,1993-05-28,7.5
1158,1993-06-04,7.47
1159,1993-06-11,7.48
1160,1993-06-18,7.38
1161,1993-06-25,7.34
1162,1993-07-02,7.23
1163,1993-07-09,7.19
1164,1993-07-16,7.16
1165,1993-07-23,7.2
1166,1993-07-30,7.25
1167,1993-08-06,7.21
1168,1993-08-13,7.17
1169,1993-08-20,7.1
1170,1993-08-27,6.97
1171,1993-09-03,6.93
1172,1993-09-10,6.82
1173,1993-09-17,6.96
1174,1993-09-24,6.95
1175,1993-10-01,6.89
1176,1993-10-08,6.87
1177,1993-10-15,6.81
1178,1993-10-22,6.74
1179,1993-10-29,6.86
1180,1993-11-05,7.11
1181,1993-11-12,7.12
1182,1993-11-19,7.08
1183,1993-11-26,7.31
1184,1993-12-04,7.25
1185,1993-12-10,7.14
1186,1993-12-17,7.17
1187,1993-12-24,7.17
1188,1993-12-31,7.13
1189,1994-01-07,7.23
1190,1994-01-14,6.99
1191,1994-01-21,7.05
1192,1994-01-28,6.97
1193,1994-02-04,6.97
1194,1994-02-11,7.21
1195,1994-02-18,7.11
1196,1994-02-25,7.32
1197,1994-03-04,7.51
1198,1994-03-11,7.63
1199,1994-03-18,7.76
1200,1994-03-25,7.8
1201,1994-04-01,8.04
1202,1994-04-08,8.47
1203,1994-04-15,8.26
1204,1994-04-22,8.49
1205,1994-04-29,8.32
1206,1994-05-06,8.53
1207,1994-05-13,8.77
1208,1994-05-20,8.56
1209,1994-05-27,8.53
1210,1994-06-03,8.55
1211,1994-06-10,8.25
1212,1994-06-17,8.33
1213,1994-06-24,8.46
1214,1994-07-01,8.57
1215,1994-07-08,8.68
1216,1994-07-15,8.72
1217,1994-07-22,8.53
1218,1994-07-29,8.57
1219,1994-08-05,8.38
1220,1994-08-12,8.57
1221,1994-08-19,8.54
1222,1994-08-26,8.56
1223,1994-09-02,8.48
1224,1994-09-09,8.51
1225,1994-09-16,8.66
1226,1994-09-23,8.73
1227,1994-09-30,8.82
1228,1994-10-07,8.89
1229,1994-10-14,8.93
1230,1994-10-21,8.85
1231,1994-10-28,9.03
1232,1994-11-04,9.05
1233,1994-11-11,9.19
1234,1994-11-18,9.19
1235,1994-11-25,9.25
1236,1994-12-02,9.23
1237,1994-12-09,9.15
1238,1994-12-16,9.25
1239,1994-12-23,9.18
1240,1994-12-30,9.18
1241,1995-01-06,9.22
1242,1995-01-13,9.19
1243,1995-01-20,9.05
1244,1995-01-27,9.13
1245,1995-02-03,8.94
1246,1995-02-10,8.8
1247,1995-02-17,8.84
1248,1995-02-24,8.73
1249,1995-03-03,8.53
1250,1995-03-10,8.62
1251,1995-03-17,8.38
1252,1995-03-24,8.4
1253,1995-03-31,8.38
1254,1995-04-07,8.41
1255,1995-04-14,8.37
1256,1995-04-21,8.24
1257,1995-04-28,8.26
1258,1995-05-05,8.27
1259,1995-05-12,7.87
1260,1995-05-19,7.83
1261,1995-05-26,7.85
1262,1995-06-02,7.71
1263,1995-06-09,7.51
1264,1995-06-16,7.55
1265,1995-06-23,7.53
1266,1995-06-30,7.53
1267,1995-07-07,7.63
1268,1995-07-14,7.41
1269,1995-07-21,7.6
1270,1995-07-28,7.79
1271,1995-08-04,7.82
1272,1995-08-11,7.8
1273,1995-08-18,7.94
1274,1995-08-25,7.88
1275,1995-09-01,7.76
1276,1995-09-08,7.63
1277,1995-09-15,7.6
1278,1995-09-22,7.57
1279,1995-09-29,7.62
1280,1995-10-06,7.57
1281,1995-10-13,7.5
1282,1995-10-20,7.38
1283,1995-10-27,7.45
1284,1995-11-03,7.44
1285,1995-11-09,7.37
1286,1995-11-17,7.35
1287,1995-11-24,7.35
1288,1995-12-01,7.33
1289,1995-12-08,7.18
1290,1995-12-15,7.15
1291,1995-12-22,7.23
1292,1995-12-29,7.11
1293,1996-01-05,7.02
1294,1996-01-12,7.08
1295,1996-01-19,7.02
1296,1996-01-26,7.0
1297,1996-02-02,7.02
1298,1996-02-09,7.02
1299,1996-02-16,6.94
1300,1996-02-23,7.32
1301,1996-03-01,7.41
1302,1996-03-08,7.38
1303,1996-03-15,7.83
1304,1996-03-22,7.81
1305,1996-03-29,7.69
1306,1996-04-05,7.78
1307,1996-04-12,8.05
1308,1996-04-19,7.95
1309,1996-04-26,7.92
1310,1996-05-03,7.99
1311,1996-05-10,8.24
1312,1996-05-17,8.08
1313,1996-05-24,8.01
1314,1996-05-31,8.03
1315,1996-06-07,8.3
1316,1996-06-14,8.39
1317,1996-06-21,8.3
1318,1996-06-28,8.29
1319,1996-07-05,8.14
1320,1996-07-12,8.42
1321,1996-07-19,8.23
1322,1996-07-26,8.19
1323,1996-08-02,8.23
1324,1996-08-09,7.88
1325,1996-08-16,7.88
1326,1996-08-23,7.93
1327,1996-08-30,8.09
1328,1996-09-06,8.34
1329,1996-09-13,8.28
1330,1996-09-20,8.14
1331,1996-09-27,8.16
1332,1996-10-04,8.06
1333,1996-10-11,7.86
1334,1996-10-18,7.88
1335,1996-10-25,7.86
1336,1996-11-01,7.78
1337,1996-11-08,7.67
1338,1996-11-15,7.59
1339,1996-11-22,7.53
1340,1996-11-29,7.52
1341,1996-12-06,7.44
1342,1996-12-13,7.57
1343,1996-12-20,7.74
1344,1996-12-27,7.64
1345,1997-01-03,7.67
1346,1997-01-10,7.85
1347,1997-01-17,7.87
1348,1997-01-24,7.85
1349,1997-01-31,7.88
1350,1997-02-07,7.74
1351,1997-02-14,7.65
1352,1997-02-21,7.56
1353,1997-02-28,7.65
1354,1997-03-07,7.84
1355,1997-03-14,7.84
1356,1997-03-21,7.94
1357,1997-03-28,7.97
1358,1997-04-04,8.18
1359,1997-04-11,8.15
1360,1997-04-18,8.16
1361,1997-04-25,8.08
1362,1997-05-02,8.01
1363,1997-05-09,7.94
1364,1997-05-16,7.91
1365,1997-05-23,7.92
1366,1997-05-30,7.94
1367,1997-06-06,7.85
1368,1997-06-13,7.72
1369,1997-06-20,7.61
1370,1997-06-27,7.58
1371,1997-07-04,7.62
1372,1997-07-11,7.47
1373,1997-07-18,7.47
1374,1997-07-25,7.43
1375,1997-08-01,7.36
1376,1997-08-08,7.46
1377,1997-08-15,7.54
1378,1997-08-22,7.46
1379,1997-08-29,7.58
1380,1997-09-05,7.53
1381,1997-09-12,7.53
1382,1997-09-19,7.38
1383,1997-09-26,7.28
1384,1997-10-03,7.31
1385,1997-10-10,7.26
1386,1997-10-17,7.34
1387,1997-10-24,7.35
1388,1997-10-31,7.21
1389,1997-11-07,7.24
1390,1997-11-14,7.23
1391,1997-11-21,7.18
1392,1997-11-28,7.17
1393,1997-12-05,7.15
1394,1997-12-12,7.17
1395,1997-12-19,7.07
1396,1997-12-26,6.99
1397,1998-01-02,7.03
1398,1998-01-09,6.94
1399,1998-01-16,6.89
1400,1998-01-23,6.99
1401,1998-01-30,7.12
1402,1998-02-06,7.03
1403,1998-02-13,7.06
1404,1998-02-20,6.99
1405,1998-02-28,7.09
1406,1998-03-06,7.19
1407,1998-03-13,7.16
1408,1998-03-20,7.08
1409,1998-03-27,7.08
1410,1998-04-03,7.15
1411,1998-04-10,7.09
1412,1998-04-17,7.17
1413,1998-04-24,7.15
1414,1998-05-01,7.22
1415,1998-05-08,7.14
1416,1998-05-15,7.19
1417,1998-05-22,7.1
1418,1998-05-29,7.07
1419,1998-06-05,7.05
1420,1998-06-12,7.04
1421,1998-06-19,6.94
1422,1998-06-26,6.96
1423,1998-07-03,6.98
1424,1998-07-10,6.91
1425,1998-07-17,6.94
1426,1998-07-24,6.96
1427,1998-07-31,6.97
1428,1998-08-07,6.94
1429,1998-08-14,6.91
1430,1998-08-21,6.92
1431,1998-08-28,6.92
1432,1998-09-04,6.82
1433,1998-09-11,6.77
1434,1998-09-18,6.66
1435,1998-09-25,6.64
1436,1998-10-02,6.6
1437,1998-10-09,6.49
1438,1998-10-16,6.9
1439,1998-10-23,6.73
1440,1998-10-30,6.83
1441,1998-11-06,6.89
1442,1998-11-13,6.93
1443,1998-11-20,6.86
1444,1998-11-27,6.78
1445,1998-12-04,6.71
1446,1998-12-11,6.69
1447,1998-12-18,6.69
1448,1998-12-25,6.77
1449,1998-12-31,6.83
1450,1999-01-08,6.79
1451,1999-01-15,6.83
1452,1999-01-22,6.78
1453,1999-01-29,6.74
1454,1999-02-05,6.75
1455,1999-02-12,6.77
1456,1999-02-19,6.82
1457,1999-02-26,6.89
1458,1999-03-05,7.06
1459,1999-03-12,7.11
1460,1999-03-19,7.01
1461,1999-03-26,6.98
1462,1999-04-02,6.98
1463,1999-04-09,6.92
1464,1999-04-16,6.87
1465,1999-04-23,6.88
1466,1999-04-30,6.93
1467,1999-05-07,7.02
1468,1999-05-14,7.1
1469,1999-05-21,7.23
1470,1999-05-28,7.23
1471,1999-06-04,7.41
1472,1999-06-11,7.51
1473,1999-06-18,7.65
1474,1999-06-25,7.63
1475,1999-07-02,7.71
1476,1999-07-09,7.65
1477,1999-07-16,7.58
1478,1999-07-23,7.52
1479,1999-07-30,7.7
1480,1999-08-06,7.89
1481,1999-08-13,8.15
1482,1999-08-20,7.93
1483,1999-08-27,7.8
1484,1999-09-03,7.83
1485,1999-09-10,7.88
1486,1999-09-17,7.82
1487,1999-09-24,7.76
1488,1999-10-01,7.7
1489,1999-10-08,7.82
1490,1999-10-15,7.85
1491,1999-10-22,7.93
1492,1999-10-29,7.96
1493,1999-11-05,7.84
1494,1999-11-12,7.67
1495,1999-11-19,7.69
1496,1999-11-26,7.75
1497,1999-12-03,7.84
1498,1999-12-10,7.84
1499,1999-12-17,7.86
1500,1999-12-24,7.96
1501,1999-12-31,8.06
1502,2000-01-07,8.15
1503,2000-01-14,8.18
1504,2000-01-21,8.26
1505,2000-01-28,8.25
1506,2000-02-04,8.25
1507,2000-02-11,8.36
1508,2000-02-18,8.38
1509,2000-02-25,8.31
1510,2000-03-03,8.27
1511,2000-03-10,8.23
1512,2000-03-17,8.24
1513,2000-03-24,8.23
1514,2000-03-31,8.23
1515,2000-04-07,8.2
1516,2000-04-14,8.12
1517,2000-04-21,8.16
1518,2000-04-28,8.13
1519,2000-05-05,8.28
1520,2000-05-12,8.52
1521,2000-05-19,8.64
1522,2000-05-26,8.62
1523,2000-06-02,8.54
1524,2000-06-09,8.32
1525,2000-06-16,8.22
1526,2000-06-23,8.14
1527,2000-06-30,8.22
1528,2000-07-07,8.16
1529,2000-07-14,8.09
1530,2000-07-21,8.21
1531,2000-07-28,8.13
1532,2000-08-04,8.12
1533,2000-08-11,8.04
1534,2000-08-18,7.96
1535,2000-08-25,7.99
1536,2000-09-01,7.96
1537,2000-09-08,7.94
1538,2000-09-15,7.88
1539,2000-09-22,7.9
1540,2000-09-29,7.88
1541,2000-10-06,7.83
1542,2000-10-13,7.84
1543,2000-10-20,7.83
1544,2000-10-27,7.68
1545,2000-11-03,7.73
1546,2000-11-10,7.79
1547,2000-11-17,7.73
1548,2000-11-24,7.73
1549,2000-12-01,7.65
1550,2000-12-08,7.54
1551,2000-12-15,7.42
1552,2000-12-22,7.17
1553,2000-12-29,7.13
1554,2001-01-05,7.07
1555,2001-01-12,6.89
1556,2001-01-19,7.02
1557,2001-01-26,7.15
1558,2001-02-02,7.09
1559,2001-02-09,6.98
1560,2001-02-16,7.01
1561,2001-02-23,7.12
1562,2001-03-02,7.03
1563,2001-03-09,6.97
1564,2001-03-16,6.96
1565,2001-03-23,6.89
1566,2001-03-30,6.91
1567,2001-04-06,7.01
1568,2001-04-13,7.04
1569,2001-04-20,7.14
1570,2001-04-27,7.12
1571,2001-05-04,7.14
1572,2001-05-11,7.1
1573,2001-05-18,7.14
1574,2001-05-25,7.2
1575,2001-06-01,7.24
1576,2001-06-08,7.2
1577,2001-06-15,7.14
1578,2001-06-22,7.11
1579,2001-06-29,7.11
1580,2001-07-06,7.19
1581,2001-07-13,7.21
1582,2001-07-20,7.08
1583,2001-07-27,7.03
1584,2001-08-03,7.0
1585,2001-08-10,7.0
1586,2001-08-17,6.92
1587,2001-08-24,6.91
1588,2001-08-31,6.92
1589,2001-09-07,6.89
1590,2001-09-14,6.86
1591,2001-09-21,6.8
1592,2001-09-28,6.72
1593,2001-10-05,6.64
1594,2001-10-12,6.58
1595,2001-10-19,6.61
1596,2001-10-26,6.64
1597,2001-11-02,6.56
1598,2001-11-09,6.45
1599,2001-11-16,6.51
1600,2001-11-23,6.75
1601,2001-11-30,7.02
1602,2001-12-07,6.84
1603,2001-12-14,7.09
1604,2001-12-21,7.17
1605,2001-12-28,7.16
1606,2002-01-04,7.14
1607,2002-01-11,7.06
1608,2002-01-18,6.83
1609,2002-01-25,6.96
1610,2002-02-01,7.02
1611,2002-02-08,6.88
1612,2002-02-15,6.86
1613,2002-02-22,6.81
1614,2002-03-01,6.8
1615,2002-03-08,6.87
1616,2002-03-15,7.08
1617,2002-03-22,7.14
1618,2002-03-29,7.18
1619,2002-04-05,7.13
1620,2002-04-12,6.99
1621,2002-04-19,6.94
1622,2002-04-26,6.88
1623,2002-05-03,6.78
1624,2002-05-10,6.79
1625,2002-05-17,6.89
1626,2002-05-24,6.81
1627,2002-05-31,6.76
1628,2002-06-07,6.71
1629,2002-06-14,6.71
1630,2002-06-21,6.63
1631,2002-06-28,6.55
1632,2002-07-05,6.57
1633,2002-07-12,6.54
1634,2002-07-19,6.49
1635,2002-07-26,6.34
1636,2002-08-02,6.43
1637,2002-08-09,6.31
1638,2002-08-16,6.22
1639,2002-08-23,6.27
1640,2002-08-30,6.22
1641,2002-09-06,6.15
1642,2002-09-13,6.18
1643,2002-09-20,6.05
1644,2002-09-27,5.99
1645,2002-10-04,6.01
1646,2002-10-11,5.98
1647,2002-10-18,6.15
1648,2002-10-25,6.31
1649,2002-11-01,6.13
1650,2002-11-08,6.11
1651,2002-11-15,5.94
1652,2002-11-22,6.03
1653,2002-11-29,6.13
1654,2002-12-06,6.19
1655,2002-12-13,6.04
1656,2002-12-20,6.03
1657,2002-12-27,5.93
1658,2003-01-03,5.85
1659,2003-01-10,5.95
1660,2003-01-17,5.97
1661,2003-01-24,5.91
1662,2003-01-31,5.9
1663,2003-02-07,5.88
1664,2003-02-14,5.86
1665,2003-02-21,5.84
1666,2003-02-28,5.79
1667,2003-03-07,5.67
1668,2003-03-14,5.61
1669,2003-03-21,5.79
1670,2003-03-28,5.91
1671,2003-04-04,5.79
1672,2003-04-11,5.85
1673,2003-04-18,5.82
1674,2003-04-25,5.79
1675,2003-05-02,5.7
1676,2003-05-09,5.62
1677,2003-05-16,5.45
1678,2003-05-23,5.34
1679,2003-05-30,5.31
1680,2003-06-06,5.26
1681,2003-06-13,5.21
1682,2003-06-20,5.21
1683,2003-06-27,5.24
1684,2003-07-04,5.4
1685,2003-07-11,5.52
1686,2003-07-18,5.67
1687,2003-07-25,5.94
1688,2003-08-01,6.14
1689,2003-08-08,6.34
1690,2003-08-15,6.24
1691,2003-08-22,6.28
1692,2003-08-29,6.32
1693,2003-09-05,6.44
1694,2003-09-12,6.16
1695,2003-09-19,6.01
1696,2003-09-26,5.98
1697,2003-10-03,5.77
1698,2003-10-10,5.95
1699,2003-10-17,6.05
1700,2003-10-24,6.05
1701,2003-10-31,5.94
1702,2003-11-07,5.98
1703,2003-11-14,6.03
1704,2003-11-21,5.83
1705,2003-11-28,5.89
1706,2003-12-05,6.02
1707,2003-12-12,5.88
1708,2003-12-19,5.82
1709,2003-12-26,5.81
1710,2003-12-31,5.85
1711,2004-01-01,
1712,2004-01-08,5.87
1713,2004-01-15,5.66
1714,2004-01-22,5.64
1715,2004-01-29,5.68
1716,2004-02-05,5.72
1717,2004-02-12,5.66
1718,2004-02-19,5.58
1719,2004-02-26,5.58
1720,2004-03-04,5.59
1721,2004-03-11,5.41
1722,2004-03-18,5.38
1723,2004-03-25,5.4
1724,2004-04-01,5.52
1725,2004-04-08,5.79
1726,2004-04-15,5.89
1727,2004-04-22,5.94
1728,2004-04-29,6.01
1729,2004-05-06,6.12
1730,2004-05-13,6.34
1731,2004-05-20,6.3
1732,2004-05-27,6.32
1733,2004-06-03,6.28
1734,2004-06-10,6.3
1735,2004-06-17,6.32
1736,2004-06-24,6.25
1737,2004-07-01,6.21
1738,2004-07-08,6.01
1739,2004-07-15,6.0
1740,2004-07-22,5.98
1741,2004-07-29,6.08
1742,2004-08-05,5.99
1743,2004-08-12,5.85
1744,2004-08-19,5.81
1745,2004-08-26,5.82
1746,2004-09-02,5.77
1747,2004-09-09,5.83
1748,2004-09-16,5.75
1749,2004-09-23,5.7
1750,2004-09-30,5.72
1751,2004-10-07,5.82
1752,2004-10-14,5.74
1753,2004-10-21,5.69
1754,2004-10-28,5.64
1755,2004-11-04,5.7
1756,2004-11-11,5.76
1757,2004-11-18,5.74
1758,2004-11-24,5.72
1759,2004-11-25,
1760,2004-12-02,5.81
1761,2004-12-09,5.71
1762,2004-12-16,5.68
1763,2004-12-22,5.75
1764,2004-12-23,
1765,2004-12-29,5.81
1766,2005-01-06,5.77
1767,2005-01-13,5.74
1768,2005-01-20,5.67
1769,2005-01-27,5.66
1770,2005-02-03,5.63
1771,2005-02-10,5.57
1772,2005-02-17,5.62
1773,2005-02-24,5.69
1774,2005-03-03,5.79
1775,2005-03-10,5.85
1776,2005-03-17,5.95
1777,2005-03-24,6.01
1778,2005-03-31,6.04
1779,2005-04-07,5.93
1780,2005-04-14,5.91
1781,2005-04-21,5.8
1782,2005-04-28,5.78
1783,2005-05-05,5.75
1784,2005-05-12,5.77
1785,2005-05-19,5.71
1786,2005-05-26,5.65
1787,2005-06-02,5.62
1788,2005-06-09,5.56
1789,2005-06-16,5.63
1790,2005-06-23,5.57
1791,2005-06-30,5.53
1792,2005-07-07,5.62
1793,2005-07-14,5.66
1794,2005-07-21,5.73
1795,2005-07-28,5.77
1796,2005-08-04,5.82
1797,2005-08-11,5.89
1798,2005-08-18,5.8
1799,2005-08-25,5.77
1800,2005-09-01,5.71
1801,2005-09-08,5.71
1802,2005-09-15,5.74
1803,2005-09-22,5.8
1804,2005-09-29,5.91
1805,2005-10-06,5.98
1806,2005-10-13,6.03
1807,2005-10-20,6.1
1808,2005-10-27,6.15
1809,2005-11-03,6.31
1810,2005-11-10,6.36
1811,2005-11-17,6.37
1812,2005-11-23,6.28
1813,2005-11-24,
1814,2005-12-01,6.26
1815,2005-12-08,6.32
1816,2005-12-15,6.3
1817,2005-12-22,6.26
1818,2005-12-29,6.22
1819,2006-01-05,6.21
1820,2006-01-12,6.15
1821,2006-01-19,6.1
1822,2006-01-26,6.12
1823,2006-02-02,6.23
1824,2006-02-09,6.24
1825,2006-02-16,6.28
1826,2006-02-23,6.26
1827,2006-03-02,6.24
1828,2006-03-09,6.37
1829,2006-03-16,6.34
1830,2006-03-23,6.32
1831,2006-03-30,6.35
1832,2006-04-06,6.43
1833,2006-04-13,6.49
1834,2006-04-20,6.53
1835,2006-04-27,6.58
1836,2006-05-04,6.59
1837,2006-05-11,6.58
1838,2006-05-18,6.6
1839,2006-05-25,6.62
1840,2006-06-01,6.67
1841,2006-06-08,6.62
1842,2006-06-15,6.63
1843,2006-06-22,6.71
1844,2006-06-29,6.78
1845,2006-07-06,6.79
1846,2006-07-13,6.74
1847,2006-07-20,6.8
1848,2006-07-27,6.72
1849,2006-08-03,6.63
1850,2006-08-10,6.55
1851,2006-08-17,6.52
1852,2006-08-24,6.48
1853,2006-08-31,6.44
1854,2006-09-07,6.47
1855,2006-09-14,6.43
1856,2006-09-21,6.4
1857,2006-09-28,6.31
1858,2006-10-05,6.3
1859,2006-10-12,6.37
1860,2006-10-19,6.36
1861,2006-10-26,6.4
1862,2006-11-02,6.31
1863,2006-11-09,6.33
1864,2006-11-16,6.24
1865,2006-11-22,6.18
1866,2006-11-23,
1867,2006-11-30,6.14
1868,2006-12-07,6.11
1869,2006-12-14,6.12
1870,2006-12-21,6.13
1871,2006-12-28,6.18
1872,2007-01-04,6.18
1873,2007-01-11,6.21
1874,2007-01-18,6.23
1875,2007-01-25,6.25
1876,2007-02-01,6.34
1877,2007-02-08,6.28
1878,2007-02-15,6.3
1879,2007-02-22,6.22
1880,2007-03-01,6.18
1881,2007-03-08,6.14
1882,2007-03-15,6.14
1883,2007-03-22,6.16
1884,2007-03-29,6.16
1885,2007-04-05,6.17
1886,2007-04-12,6.22
1887,2007-04-19,6.17
1888,2007-04-26,6.16
1889,2007-05-03,6.16
1890,2007-05-10,6.15
1891,2007-05-17,6.21
1892,2007-05-24,6.37
1893,2007-05-31,6.42
1894,2007-06-07,6.53
1895,2007-06-14,6.74
1896,2007-06-21,6.69
1897,2007-06-28,6.67
1898,2007-07-05,6.63
1899,2007-07-12,6.73
1900,2007-07-19,6.73
1901,2007-07-26,6.69
1902,2007-08-02,6.68
1903,2007-08-09,6.59
1904,2007-08-16,6.62
1905,2007-08-23,6.52
1906,2007-08-30,6.45
1907,2007-09-06,6.46
1908,2007-09-13,6.31
1909,2007-09-20,6.34
1910,2007-09-27,6.42
1911,2007-10-04,6.37
1912,2007-10-11,6.4
1913,2007-10-18,6.4
1914,2007-10-25,6.33
1915,2007-11-01,6.26
1916,2007-11-08,6.24
1917,2007-11-15,6.24
1918,2007-11-21,6.2
1919,2007-11-22,
1920,2007-11-29,6.1
1921,2007-12-06,5.96
1922,2007-12-13,6.11
1923,2007-12-20,6.14
1924,2007-12-27,6.17
1925,2008-01-03,6.07
1926,2008-01-10,5.87
1927,2008-01-17,5.69
1928,2008-01-24,5.48
1929,2008-01-31,5.68
1930,2008-02-07,5.67
1931,2008-02-14,5.72
1932,2008-02-21,6.04
1933,2008-02-28,6.24
1934,2008-03-06,6.03
1935,2008-03-13,6.13
1936,2008-03-20,5.87
1937,2008-03-27,5.85
1938,2008-04-03,5.88
1939,2008-04-10,5.88
1940,2008-04-17,5.88
1941,2008-04-24,6.03
1942,2008-05-01,6.06
1943,2008-05-08,6.05
1944,2008-05-15,6.01
1945,2008-05-22,5.98
1946,2008-05-29,6.08
1947,2008-06-05,6.09
1948,2008-06-12,6.32
1949,2008-06-19,6.42
1950,2008-06-26,6.45
1951,2008-07-03,6.35
1952,2008-07-10,6.37
1953,2008-07-17,6.26
1954,2008-07-24,6.63
1955,2008-07-31,6.52
1956,2008-08-07,6.52
1957,2008-08-14,6.52
1958,2008-08-21,6.47
1959,2008-08-28,6.4
1960,2008-09-04,6.35
1961,2008-09-11,5.93
1962,2008-09-18,5.78
1963,2008-09-25,6.09
1964,2008-10-02,6.1
1965,2008-10-09,5.94
1966,2008-10-16,6.46
1967,2008-10-23,6.04
1968,2008-10-30,6.46
1969,2008-11-06,6.2
1970,2008-11-13,6.14
1971,2008-11-20,6.04
1972,2008-11-26,5.97
1973,2008-11-27,
1974,2008-12-04,5.53
1975,2008-12-11,5.47
1976,2008-12-18,5.19
1977,2008-12-24,5.14
1978,2008-12-25,
1979,2008-12-31,5.1
1980,2009-01-08,5.01
1981,2009-01-15,4.96
1982,2009-01-22,5.12
1983,2009-01-29,5.1
1984,2009-02-05,5.25
1985,2009-02-12,5.16
1986,2009-02-19,5.04
1987,2009-02-26,5.07
1988,2009-03-05,5.15
1989,2009-03-12,5.03
1990,2009-03-19,4.98
1991,2009-03-26,4.85
1992,2009-04-02,4.78
1993,2009-04-09,4.87
1994,2009-04-16,4.82
1995,2009-04-23,4.8
1996,2009-04-30,4.78
1997,2009-05-07,4.84
1998,2009-05-14,4.86
1999,2009-05-21,4.82
2000,2009-05-28,4.91
2001,2009-06-04,5.29
2002,2009-06-11,5.59
2003,2009-06-18,5.38
2004,2009-06-25,5.42
2005,2009-07-02,5.32
2006,2009-07-09,5.2
2007,2009-07-16,5.14
2008,2009-07-23,5.2
2009,2009-07-30,5.25
2010,2009-08-06,5.22
2011,2009-08-13,5.29
2012,2009-08-20,5.12
2013,2009-08-27,5.14
2014,2009-09-03,5.08
2015,2009-09-10,5.07
2016,2009-09-17,5.04
2017,2009-09-24,5.04
2018,2009-10-01,4.94
2019,2009-10-08,4.87
2020,2009-10-15,4.92
2021,2009-10-22,5.0
2022,2009-10-29,5.03
2023,2009-11-05,4.98
2024,2009-11-12,4.91
2025,2009-11-19,4.83
2026,2009-11-25,4.78
2027,2009-11-26,
2028,2009-12-03,4.71
2029,2009-12-10,4.81
2030,2009-12-17,4.94
2031,2009-12-24,5.05
2032,2009-12-31,5.14
2033,2010-01-07,5.09
2034,2010-01-14,5.06
2035,2010-01-21,4.99
2036,2010-01-28,4.98
2037,2010-02-04,5.01
2038,2010-02-11,4.97
2039,2010-02-18,4.93
2040,2010-02-25,5.05
2041,2010-03-04,4.97
2042,2010-03-11,4.95
2043,2010-03-18,4.96
2044,2010-03-25,4.99
2045,2010-04-01,5.08
2046,2010-04-08,5.21
2047,2010-04-15,5.07
2048,2010-04-22,5.07
2049,2010-04-29,5.06
2050,2010-05-06,5.0
2051,2010-05-13,4.93
2052,2010-05-20,4.84
2053,2010-05-27,4.78
2054,2010-06-03,4.79
2055,2010-06-10,4.72
2056,2010-06-17,4.75
2057,2010-06-24,4.69
2058,2010-07-01,4.58
2059,2010-07-08,4.57
2060,2010-07-15,4.57
2061,2010-07-22,4.56
2062,2010-07-29,4.54
2063,2010-08-05,4.49
2064,2010-08-12,4.44
2065,2010-08-19,4.42
2066,2010-08-26,4.36
2067,2010-09-02,4.32
2068,2010-09-09,4.35
2069,2010-09-16,4.37
2070,2010-09-23,4.37
2071,2010-09-30,4.32
2072,2010-10-07,4.27
2073,2010-10-14,4.19
2074,2010-10-21,4.21
2075,2010-10-28,4.23
2076,2010-11-04,4.24
2077,2010-11-11,4.17
2078,2010-11-18,4.39
2079,2010-11-24,4.4
2080,2010-11-25,
2081,2010-12-02,4.46
2082,2010-12-09,4.61
2083,2010-12-16,4.83
2084,2010-12-23,4.81
2085,2010-12-30,4.86
2086,2011-01-06,4.77
2087,2011-01-13,4.71
2088,2011-01-20,4.74
2089,2011-01-27,4.8
2090,2011-02-03,4.81
2091,2011-02-10,5.05
2092,2011-02-17,5.0
2093,2011-02-24,4.95
2094,2011-03-03,4.87
2095,2011-03-10,4.88
2096,2011-03-17,4.76
2097,2011-03-24,4.81
2098,2011-03-31,4.86
2099,2011-04-07,4.87
2100,2011-04-14,4.91
2101,2011-04-21,4.8
2102,2011-04-28,4.78
2103,2011-05-05,4.71
2104,2011-05-12,4.63
2105,2011-05-19,4.61
2106,2011-05-26,4.6
2107,2011-06-02,4.55
2108,2011-06-09,4.49
2109,2011-06-16,4.5
2110,2011-06-23,4.5
2111,2011-06-30,4.51
2112,2011-07-07,4.6
2113,2011-07-14,4.51
2114,2011-07-21,4.52
2115,2011-07-28,4.55
2116,2011-08-04,4.39
2117,2011-08-11,4.32
2118,2011-08-18,4.15
2119,2011-08-25,4.22
2120,2011-09-01,4.22
2121,2011-09-08,4.12
2122,2011-09-15,4.09
2123,2011-09-22,4.09
2124,2011-09-29,4.01
2125,2011-10-06,3.94
2126,2011-10-13,4.12
2127,2011-10-20,4.11
2128,2011-10-27,4.1
2129,2011-11-03,4.0
2130,2011-11-10,3.99
2131,2011-11-17,4.0
2132,2011-11-23,3.98
2133,2011-11-24,
2134,2011-12-01,4.0
2135,2011-12-08,3.99
2136,2011-12-15,3.94
2137,2011-12-22,3.91
2138,2011-12-29,3.95
2139,2012-01-05,3.91
2140,2012-01-12,3.89
2141,2012-01-19,3.88
2142,2012-01-26,3.98
2143,2012-02-02,3.87
2144,2012-02-09,3.87
2145,2012-02-16,3.87
2146,2012-02-23,3.95
2147,2012-03-01,3.9
2148,2012-03-08,3.88
2149,2012-03-15,3.92
2150,2012-03-22,4.08
2151,2012-03-29,3.99
2152,2012-04-05,3.98
2153,2012-04-12,3.88
2154,2012-04-19,3.9
2155,2012-04-26,3.88
2156,2012-05-03,3.84
2157,2012-05-10,3.83
2158,2012-05-17,3.79
2159,2012-05-24,3.78
2160,2012-05-31,3.75
2161,2012-06-07,3.67
2162,2012-06-14,3.71
2163,2012-06-21,3.66
2164,2012-06-28,3.66
2165,2012-07-05,3.62
2166,2012-07-12,3.56
2167,2012-07-19,3.53
2168,2012-07-26,3.49
2169,2012-08-02,3.55
2170,2012-08-09,3.59
2171,2012-08-16,3.62
2172,2012-08-23,3.66
2173,2012-08-30,3.59
2174,2012-09-06,3.55
2175,2012-09-13,3.55
2176,2012-09-20,3.49
2177,2012-09-27,3.4
2178,2012-10-04,3.36
2179,2012-10-11,3.39
2180,2012-10-18,3.37
2181,2012-10-25,3.41
2182,2012-11-01,3.39
2183,2012-11-08,3.4
2184,2012-11-15,3.34
2185,2012-11-21,3.31
2186,2012-11-22,
2187,2012-11-29,3.32
2188,2012-12-06,3.34
2189,2012-12-13,3.32
2190,2012-12-20,3.37
2191,2012-12-27,3.35
2192,2013-01-03,3.34
2193,2013-01-10,3.4
2194,2013-01-17,3.38
2195,2013-01-24,3.42
2196,2013-01-31,3.53
2197,2013-02-07,3.53
2198,2013-02-14,3.53
2199,2013-02-21,3.56
2200,2013-02-28,3.51
2201,2013-03-07,3.52
2202,2013-03-14,3.63
2203,2013-03-21,3.54
2204,2013-03-28,3.57
2205,2013-04-04,3.54
2206,2013-04-11,3.43
2207,2013-04-18,3.41
2208,2013-04-25,3.4
2209,2013-05-02,3.35
2210,2013-05-09,3.42
2211,2013-05-16,3.51
2212,2013-05-23,3.59
2213,2013-05-30,3.81
2214,2013-06-06,3.91
2215,2013-06-13,3.98
2216,2013-06-20,3.93
2217,2013-06-27,4.46
2218,2013-07-03,4.29
2219,2013-07-04,
2220,2013-07-11,4.51
2221,2013-07-18,4.37
2222,2013-07-25,4.31
2223,2013-08-01,4.39
2224,2013-08-08,4.4
2225,2013-08-15,4.4
2226,2013-08-22,4.58
2227,2013-08-29,4.51
2228,2013-09-05,4.57
2229,2013-09-12,4.57
2230,2013-09-19,4.5
2231,2013-09-26,4.32
2232,2013-10-03,4.22
2233,2013-10-10,4.23
2234,2013-10-17,4.28
2235,2013-10-24,4.13
2236,2013-10-31,4.1
2237,2013-11-07,4.16
2238,2013-11-14,4.35
2239,2013-11-21,4.22
2240,2013-11-27,4.29
2241,2013-11-28,
2242,2013-12-05,4.46
2243,2013-12-12,4.42
2244,2013-12-19,4.47
2245,2013-12-26,4.48
2246,2014-01-02,4.53
2247,2014-01-09,4.51
2248,2014-01-16,4.41
2249,2014-01-23,4.39
2250,2014-01-30,4.32
2251,2014-02-06,4.23
2252,2014-02-13,4.28
2253,2014-02-20,4.33
2254,2014-02-27,4.37
2255,2014-03-06,4.28
2256,2014-03-13,4.37
2257,2014-03-20,4.32
2258,2014-03-27,4.4
2259,2014-04-03,4.41
2260,2014-04-10,4.34
2261,2014-04-17,4.27
2262,2014-04-24,4.33
2263,2014-05-01,4.29
2264,2014-05-08,4.21
2265,2014-05-15,4.2
2266,2014-05-22,4.14
2267,2014-05-29,4.12
2268,2014-06-05,4.14
2269,2014-06-12,4.2
2270,2014-06-19,4.17
2271,2014-06-26,4.14
2272,2014-07-03,4.12
2273,2014-07-10,4.15
2274,2014-07-17,4.13
2275,2014-07-24,4.13
2276,2014-07-31,4.12
2277,2014-08-07,4.14
2278,2014-08-14,4.12
2279,2014-08-21,4.1
2280,2014-08-28,4.1
2281,2014-09-04,4.1
2282,2014-09-11,4.12
2283,2014-09-18,4.23
2284,2014-09-25,4.2
2285,2014-10-02,4.19
2286,2014-10-09,4.12
2287,2014-10-16,3.97
2288,2014-10-23,3.92
2289,2014-10-30,3.98
2290,2014-11-06,4.02
2291,2014-11-13,4.01
2292,2014-11-20,3.99
2293,2014-11-26,3.97
2294,2014-11-27,
2295,2014-12-04,3.89
2296,2014-12-11,3.93
2297,2014-12-18,3.8
2298,2014-12-24,3.83
2299,2014-12-25,
2300,2014-12-31,3.87
2301,2015-01-08,3.73
2302,2015-01-15,3.66
2303,2015-01-22,3.63
2304,2015-01-29,3.66
2305,2015-02-05,3.59
2306,2015-02-12,3.69
2307,2015-02-19,3.76
2308,2015-02-26,3.8
2309,2015-03-05,3.75
2310,2015-03-12,3.86
2311,2015-03-19,3.78
2312,2015-03-26,3.69
2313,2015-04-02,3.7
2314,2015-04-09,3.66
2315,2015-04-16,3.67
2316,2015-04-23,3.65
2317,2015-04-30,3.68
2318,2015-05-07,3.8
2319,2015-05-14,3.85
2320,2015-05-21,3.84
2321,2015-05-28,3.87
2322,2015-06-04,3.87
2323,2015-06-11,4.04
2324,2015-06-18,4.0
2325,2015-06-25,4.02
2326,2015-07-02,4.08
2327,2015-07-09,4.04
2328,2015-07-16,4.09
2329,2015-07-23,4.04
2330,2015-07-30,3.98
2331,2015-08-06,3.91
2332,2015-08-13,3.94
2333,2015-08-20,3.93
2334,2015-08-27,3.84
2335,2015-09-03,3.89
2336,2015-09-10,3.9
2337,2015-09-17,3.91
2338,2015-09-24,3.86
2339,2015-10-01,3.85
2340,2015-10-08,3.76
2341,2015-10-15,3.82
2342,2015-10-22,3.79
2343,2015-10-29,3.76
2344,2015-11-05,3.87
2345,2015-11-12,3.98
2346,2015-11-19,3.97
2347,2015-11-25,3.95
2348,2015-11-26,
2349,2015-12-03,3.93
2350,2015-12-10,3.95
2351,2015-12-17,3.97
2352,2015-12-24,3.96
2353,2015-12-31,4.01
2354,2016-01-07,3.97
2355,2016-01-14,3.92
2356,2016-01-21,3.81
2357,2016-01-28,3.79
2358,2016-02-04,3.72
2359,2016-02-11,3.65
2360,2016-02-18,3.65
2361,2016-02-25,3.62
2362,2016-03-03,3.64
2363,2016-03-10,3.68
2364,2016-03-17,3.73
2365,2016-03-24,3.71
2366,2016-03-31,3.71
2367,2016-04-07,3.59
2368,2016-04-14,3.58
2369,2016-04-21,3.59
2370,2016-04-28,3.66
2371,2016-05-05,3.61
2372,2016-05-12,3.57
2373,2016-05-19,3.58
2374,2016-05-26,3.64
2375,2016-06-02,3.66
2376,2016-06-09,3.6
2377,2016-06-16,3.54
2378,2016-06-23,3.56
2379,2016-06-30,3.48
2380,2016-07-07,3.41
2381,2016-07-14,3.42
2382,2016-07-21,3.45
2383,2016-07-28,3.48
2384,2016-08-04,3.43
2385,2016-08-11,3.45
2386,2016-08-18,3.43
2387,2016-08-25,3.43
2388,2016-09-01,3.46
2389,2016-09-08,3.44
2390,2016-09-15,3.5
2391,2016-09-22,3.48
2392,2016-09-29,3.42
2393,2016-10-06,3.42
2394,2016-10-13,3.47
2395,2016-10-20,3.52
2396,2016-10-27,3.47
2397,2016-11-03,3.54
2398,2016-11-10,3.57
2399,2016-11-17,3.94
2400,2016-11-23,4.03
2401,2016-11-24,
2402,2016-12-01,4.08
2403,2016-12-08,4.13
2404,2016-12-15,4.16
2405,2016-12-22,4.3
2406,2016-12-29,4.32
2407,2017-01-05,4.2
2408,2017-01-12,4.12
2409,2017-01-19,4.09
2410,2017-01-26,4.19
2411,2017-02-02,4.19
2412,2017-02-09,4.17
2413,2017-02-16,4.15
2414,2017-02-23,4.16
2415,2017-03-02,4.1
2416,2017-03-09,4.21
2417,2017-03-16,4.3
2418,2017-03-23,4.23
2419,2017-03-30,4.14
2420,2017-04-06,4.1
2421,2017-04-13,4.08
2422,2017-04-20,3.97
2423,2017-04-27,4.03
2424,2017-05-04,4.02
2425,2017-05-11,4.05
2426,2017-05-18,4.02
2427,2017-05-25,3.95
2428,2017-06-01,3.94
2429,2017-06-08,3.89
2430,2017-06-15,3.91
2431,2017-06-22,3.9
2432,2017-06-29,3.88
2433,2017-07-06,3.96
2434,2017-07-13,4.03
2435,2017-07-20,3.96
2436,2017-07-27,3.92
2437,2017-08-03,3.93
2438,2017-08-10,3.9
2439,2017-08-17,3.89
2440,2017-08-24,3.86
2441,2017-08-31,3.82
2442,2017-09-07,3.78
2443,2017-09-14,3.78
2444,2017-09-21,3.83
2445,2017-09-28,3.83
2446,2017-10-05,3.85
2447,2017-10-12,3.91
2448,2017-10-19,3.88
2449,2017-10-26,3.94
2450,2017-11-02,3.94
2451,2017-11-09,3.9
2452,2017-11-16,3.95
2453,2017-11-22,3.92
2454,2017-11-23,
2455,2017-11-30,3.9
2456,2017-12-07,3.94
2457,2017-12-14,3.93
2458,2017-12-21,3.94
2459,2017-12-28,3.99
2460,2018-01-04,3.95
2461,2018-01-11,3.99
2462,2018-01-18,4.04
2463,2018-01-25,4.15
2464,2018-02-01,4.22
2465,2018-02-08,4.32
2466,2018-02-15,4.38
2467,2018-02-22,4.4
2468,2018-03-01,4.43
2469,2018-03-08,4.46
2470,2018-03-15,4.44
2471,2018-03-22,4.45
2472,2018-03-29,4.44
2473,2018-04-05,4.4
2474,2018-04-12,4.42
2475,2018-04-19,4.47
2476,2018-04-26,4.58
2477,2018-05-03,4.55
2478,2018-05-10,4.55
2479,2018-05-17,4.61
2480,2018-05-24,4.66
2481,2018-05-31,4.56
2482,2018-06-07,4.54
2483,2018-06-14,4.62
2484,2018-06-21,4.57
2485,2018-06-28,4.55
2486,2018-07-05,4.52
2487,2018-07-12,4.53
2488,2018-07-19,4.52
2489,2018-07-26,4.54
2490,2018-08-02,4.6
2491,2018-08-09,4.59
2492,2018-08-16,4.53
2493,2018-08-23,4.51
2494,2018-08-30,4.52
2495,2018-09-06,4.54
2496,2018-09-13,4.6
2497,2018-09-20,4.65
2498,2018-09-27,4.72
2499,2018-10-04,4.71
2500,2018-10-11,4.9
2501,2018-10-18,4.85
2502,2018-10-25,4.86
2503,2018-11-01,4.83
2504,2018-11-08,4.94
2505,2018-11-15,4.94
2506,2018-11-21,4.81
2507,2018-11-22,
2508,2018-11-29,4.81
2509,2018-12-06,4.75
2510,2018-12-13,4.63
2511,2018-12-20,4.62
2512,2018-12-27,4.55
2513,2019-01-03,4.51
2514,2019-01-10,4.45
2515,2019-01-17,4.45
2516,2019-01-24,4.45
2517,2019-01-31,4.46
2518,2019-02-07,4.41
2519,2019-02-14,4.37
2520,2019-02-21,4.35
2521,2019-02-28,4.35
2522,2019-03-07,4.41
2523,2019-03-14,4.31
2524,2019-03-21,4.28
2525,2019-03-28,4.06
2526,2019-04-04,4.08
2527,2019-04-11,4.12
2528,2019-04-18,4.17
2529,2019-04-25,4.2
2530,2019-05-02,4.14
2531,2019-05-09,4.1
2532,2019-05-16,4.07
2533,2019-05-23,4.06
2534,2019-05-30,3.99
2535,2019-06-06,3.82
2536,2019-06-13,3.82
2537,2019-06-20,3.84
2538,2019-06-27,3.73
2539,2019-07-03,3.75
2540,2019-07-04,
2541,2019-07-11,3.75
2542,2019-07-18,3.81
2543,2019-07-25,3.75
2544,2019-08-01,3.75
2545,2019-08-08,3.6
2546,2019-08-15,3.6
2547,2019-08-22,3.55
2548,2019-08-29,3.58
2549,2019-09-05,3.49
2550,2019-09-12,3.56
2551,2019-09-19,3.73
2552,2019-09-26,3.64
2553,2019-10-03,3.65
2554,2019-10-10,3.57
2555,2019-10-17,3.69
2556,2019-10-24,3.75
2557,2019-10-31,3.78
2558,2019-11-07,3.69
2559,2019-11-14,3.75
2560,2019-11-21,3.66
2561,2019-11-27,3.68
2562,2019-11-28,
2563,2019-12-05,3.68
2564,2019-12-12,3.73
2565,2019-12-19,3.73
2566,2019-12-26,3.74
2567,2020-01-02,3.72
2568,2020-01-09,3.64
2569,2020-01-16,3.65
2570,2020-01-23,3.6
2571,2020-01-30,3.51
2572,2020-02-06,3.45
2573,2020-02-13,3.47
2574,2020-02-20,3.49
2575,2020-02-27,3.45
2576,2020-03-05,3.29
2577,2020-03-12,3.36
2578,2020-03-19,3.65
2579,2020-03-26,3.5
2580,2020-04-02,3.33
2581,2020-04-09,3.33
2582,2020-04-16,3.31
2583,2020-04-23,3.33
2584,2020-04-30,3.23
2585,2020-05-07,3.26
2586,2020-05-14,3.28
2587,2020-05-21,3.24
2588,2020-05-28,3.15
2589,2020-06-04,3.18
2590,2020-06-11,3.21
2591,2020-06-18,3.13
2592,2020-06-25,3.13
2593,2020-07-02,3.07
2594,2020-07-09,3.03
2595,2020-07-16,2.98
2596,2020-07-23,3.01
2597,2020-07-30,2.99
2598,2020-08-06,2.88
2599,2020-08-13,2.96
2600,2020-08-20,2.99
2601,2020-08-27,2.91
2602,2020-09-03,2.93
2603,2020-09-10,2.86
2604,2020-09-17,2.87
2605,2020-09-24,2.9
2606,2020-10-01,2.88
2607,2020-10-08,2.87
2608,2020-10-15,2.81
2609,2020-10-22,2.8
2610,2020-10-29,2.81
2611,2020-11-05,2.78
2612,2020-11-12,2.84
2613,2020-11-19,2.72
2614,2020-11-25,2.72
2615,2020-11-26,
2616,2020-12-03,2.71
2617,2020-12-10,2.71
2618,2020-12-17,2.67
2619,2020-12-24,2.66
2620,2020-12-31,2.67
2621,2021-01-07,2.65
2622,2021-01-14,2.79
2623,2021-01-21,2.77
2624,2021-01-28,2.73
2625,2021-02-04,2.73
2626,2021-02-11,2.73
2627,2021-02-18,2.81
2628,2021-02-25,2.97
2629,2021-03-04,3.02
2630,2021-03-11,3.05
2631,2021-03-18,3.09
2632,2021-03-25,3.17
2633,2021-04-01,3.18
2634,2021-04-08,3.13
2635,2021-04-15,3.04
2636,2021-04-22,2.97
2637,2021-04-29,2.98
2638,2021-05-06,2.96
2639,2021-05-13,2.94
2640,2021-05-20,3.0
2641,2021-05-27,2.95
2642,2021-06-03,2.99
2643,2021-06-10,2.96
2644,2021-06-17,2.93
2645,2021-06-24,3.02
2646,2021-07-01,2.98
2647,2021-07-08,2.9
2648,2021-07-15,2.88
2649,2021-07-22,2.78
2650,2021-07-29,2.8
2651,2021-08-05,2.77
2652,2021-08-12,2.87
2653,2021-08-19,2.86
2654,2021-08-26,2.87
2655,2021-09-02,2.87
2656,2021-09-09,2.88
2657,2021-09-16,2.86
2658,2021-09-23,2.88
2659,2021-09-30,3.01
2660,2021-10-07,2.99
2661,2021-10-14,3.05
2662,2021-10-21,3.09
2663,2021-10-28,3.14
2664,2021-11-04,3.09
2665,2021-11-10,2.98
2666,2021-11-11,
2667,2021-11-18,3.1
2668,2021-11-24,3.1
2669,2021-11-25,
2670,2021-12-02,3.11
2671,2021-12-09,3.1
2672,2021-12-16,3.12
2673,2021-12-23,3.05
2674,2021-12-30,3.11
2675,2022-01-06,3.22
2676,2022-01-13,3.45
2677,2022-01-20,3.56
2678,2022-01-27,3.55
2679,2022-02-03,3.55
2680,2022-02-10,3.69
2681,2022-02-17,3.92
2682,2022-02-24,3.89
2683,2022-03-03,3.76
2684,2022-03-10,3.85
2685,2022-03-17,4.16
2686,2022-03-24,4.42
2687,2022-03-31,4.67
2688,2022-04-07,4.72
2689,2022-04-14,5.0
2690,2022-04-21,5.11
2691,2022-04-28,5.1
2692,2022-05-05,5.27
2693,2022-05-12,5.3
2694,2022-05-19,5.25
2695,2022-05-26,5.1
2696,2022-06-02,5.09
2697,2022-06-09,5.23
2698,2022-06-16,5.78
2699,2022-06-23,5.81
2700,2022-06-30,5.7
2701,2022-07-07,5.3
2702,2022-07-14,5.51
2703,2022-07-21,5.54
2704,2022-07-28,5.3
2705,2022-08-04,4.99
2706,2022-08-11,5.22
2707,2022-08-18,5.13
2708,2022-08-25,5.55
2709,2022-09-01,5.66
2710,2022-09-08,5.89
2711,2022-09-15,6.02
2712,2022-09-22,6.29
2713,2022-09-29,6.7
2714,2022-10-06,6.66
2715,2022-10-13,6.92
2716,2022-10-20,6.94
2717,2022-10-27,7.08
2718,2022-11-03,6.95
2719,2022-11-10,7.08
2720,2022-11-17,6.61
2721,2022-11-23,6.58
2722,2022-11-24,
2723,2022-12-01,6.49
2724,2022-12-08,6.33
2725,2022-12-15,6.31
2726,2022-12-22,6.27
2727,2022-12-29,6.42
2728,2023-01-05,6.48
2729,2023-01-12,6.33
2730,2023-01-19,6.15
2731,2023-01-26,6.13
2732,2023-02-02,6.09
2733,2023-02-09,6.12
2734,2023-02-16,6.32
2735,2023-02-23,6.5
2736,2023-03-02,6.65
2737,2023-03-09,6.73
2738,2023-03-16,6.6
2739,2023-03-23,6.42
2740,2023-03-30,6.32
2741,2023-04-06,6.28
2742,2023-04-13,6.27
2743,2023-04-20,6.39
2744,2023-04-27,6.43
2745,2023-05-04,6.39
2746,2023-05-11,6.35
2747,2023-05-18,6.39
2748,2023-05-25,6.57
2749,2023-06-01,6.79
2750,2023-06-08,6.71
2751,2023-06-15,6.69
2752,2023-06-22,6.67
2753,2023-06-29,6.71
2754,2023-07-06,6.81
2755,2023-07-13,6.96
2756,2023-07-20,6.78
2757,2023-07-27,6.81
2758,2023-08-03,6.9
2759,2023-08-10,6.96
2760,2023-08-17,7.09
2761,2023-08-24,7.23
2762,2023-08-31,7.18
2763,2023-09-07,7.12
2764,2023-09-14,7.18
2765,2023-09-21,7.19
2766,2023-09-28,7.31
2767,2023-10-05,7.49
2768,2023-10-12,7.57
2769,2023-10-19,7.63
2770,2023-10-25,
2771,2023-10-26,7.79
2772,2023-11-02,7.76
2773,2023-11-09,7.5
2774,2023-11-16,7.44
2775,2023-11-22,7.29
2776,2023-11-23,
2777,2023-11-30,7.22
2778,2023-12-07,7.03
2779,2023-12-14,6.95
2780,2023-12-21,6.67
2781,2023-12-28,6.61
2782,2024-01-04,6.62
2783,2024-01-11,6.66
2784,2024-01-18,6.6
2785,2024-01-25,6.69
2786,2024-02-01,6.63
2787,2024-02-08,6.64
2788,2024-02-15,6.77
2789,2024-02-22,6.9
2790,2024-02-29,6.94
